id_artist,name_artist,genre,listener,foto_square,foto_round
1,Flora Matos,Rap,duda,https://lh3.googleusercontent.com/d/12VPB0lmFqy1-QzEs879zJ3MBoNHN3rUv,https://lh3.googleusercontent.com/d/1QEwMpQ7-r9aOBWN8L-Ox92yXwbYbFdr9
2,Gal Costa,MPB,duda,https://lh3.googleusercontent.com/d/19PwyUVS0Sk5B0Q1lhtb21TvdUGewV5Dt,https://lh3.googleusercontent.com/d/14r3aXnWkXWsBSni3pyZROeDJ7YxF_3O6
3,Jorge Ben Jor,MPB,duda,https://lh3.googleusercontent.com/d/1bK1qo2zYptgdmbh6IqSCd6qQF34L8Scb,https://lh3.googleusercontent.com/d/17JdH4MzYHiJLm56DQ-HtsUpft758ivJf
4,Djavan,MPB,duda,https://lh3.googleusercontent.com/d/1BWDbUnPnGq8ItYO8SZw45cXm5sq3XpPT,https://lh3.googleusercontent.com/d/1EgAPbQVD_zuncIL7Tg9oug9y124Gs6Hu
5,Vanessa da Mata,MPB,duda,https://lh3.googleusercontent.com/d/1DqDrBLs_-J6AbdqyjaTWmJSZQKEOPhi5,https://lh3.googleusercontent.com/d/1-remd30lbnANmwWgcF_OA01pJMqLBi6t
6,Terno Rei,Emo,duda,https://lh3.googleusercontent.com/d/1BHcoUUz-RwpblQH_1yOHd5kt4nDgja4P,https://lh3.googleusercontent.com/d/1hoNBfHkTPfRDHp_WdNxexk79LdVmbFQJ
7,Skank,Rock,duda,https://lh3.googleusercontent.com/d/1wDYqARe4HOcllOraFpbQfQIZ8mEHERgT,https://lh3.googleusercontent.com/d/1l7Zb7F2T2wFEngA7wPQzKhZjvtJvZlyY
8,Don L,Rap,duda,https://lh3.googleusercontent.com/d/1VhfcGkZOgRLMnKFD6fagh6mM3fpBfrYu,https://lh3.googleusercontent.com/d/1YaHG0kG26_5Yn0X54mAICLfjJpaFqt7A
9,Erasmo Carlos,Rock,duda,https://lh3.googleusercontent.com/d/1vcqmdUh5OL2rBMFiNPTNncbdD6LyG3Ym,https://lh3.googleusercontent.com/d/1n-Pu87MuHIAavyBv3uExJZS7h5UM0Um-
10,Selena Gomez,Pop,duda/igor,https://lh3.googleusercontent.com/d/1A9WBVAwK6-gC5s0X7C_Gs_ztPBlzlYFr,https://lh3.googleusercontent.com/d/197oe5dJf-BoSvM8rxjXuX3AM4SUDmG4z
11,Angela Roro,MPB,duda,https://lh3.googleusercontent.com/d/1asPcll5kxxyzMcv8hrzoGc_q0F0-6jWS,https://lh3.googleusercontent.com/d/1Yh9nev_1KBFcCi8B0G4nUJl2n21rqFj0
12,Doja Cat,Rap,duda,https://lh3.googleusercontent.com/d/1rhWJ1OgYEMSVokQFhz9k-qW0eqY7VprZ,https://lh3.googleusercontent.com/d/1YWLhxFaji1YfP_miymEYGv7sFdRXLm6b
13,Rita Lee,MPB,duda,https://lh3.googleusercontent.com/d/1VkQeavoCyFs0x_h3EOp_aNFhW4SpPCt2,https://lh3.googleusercontent.com/d/1nLgPZNzYqi9Sh5L1cE8RdZ_--BysYmEv
14,Nanda Tsunami,Rap,duda,https://lh3.googleusercontent.com/d/1EwkO4Z7fON_lerPViErWfg_aOhJ26LrI,https://lh3.googleusercontent.com/d/1tawARuL5SIUlRXXQNrioIKbFTzLjFVP3
15,Marisa Monte,MPB,duda,https://lh3.googleusercontent.com/d/1ZSJ40nJ_DcdSevakjbB6fcmwtzTnl2Zw,https://lh3.googleusercontent.com/d/19gcAyIGQa4ZJvDa8jrbD_DFcmSpyFsOa
16,Marina Lima,MPB,duda,https://lh3.googleusercontent.com/d/17XChVUJAEwWxuAzwLE3mgJotU39TQuQ4,https://lh3.googleusercontent.com/d/1caX8lwR4f3iivBxIjB2UzzIHvCdPzRA2
17,Alcione,MPB,duda,https://lh3.googleusercontent.com/d/1U5ayrf7ZrNoNTCOpT8aa5lC1uGJTt4Gi,https://lh3.googleusercontent.com/d/1phbwSD5e1yWJM41jxFVPHLsENCjWIX19
18,Liniker,R&B,duda,https://lh3.googleusercontent.com/d/1tDyKyfZBAJi_cOTisqd3V1MpOYyuJCyC,https://lh3.googleusercontent.com/d/1ivBp7f1zFJlRFfTmYZ_P8UQMwMKsfORw
19,Frank Ocean,R&B,duda,https://lh3.googleusercontent.com/d/1ATEbu-J8izxpaV8w4cAMHE2-V4owzDuY,https://lh3.googleusercontent.com/d/1rvPT3eZFoTg7jd0NZapLFr9cqWMbpJH6
20,Miley Cyrus,Pop,henrique/igor,https://lh3.googleusercontent.com/d/1alZicX04OpSO-5Ahx7s92cGChJSKYw2b,https://lh3.googleusercontent.com/d/17hgkCc_YAwxYVwk4hXZzlOaUGFwt5Hfa
21,Tim Maia,MPB,duda,https://lh3.googleusercontent.com/d/1ZZ08O5C0hX7WiohtOqbYdEdn5JkJLGKj,https://lh3.googleusercontent.com/d/1mUWHUmYegkRf-uPYXHqeMGrjCnn0XWiO
22,Charlie XCX,Eletronic,henrique/igor,https://lh3.googleusercontent.com/d/1QGBtXjrUvap0bscfhuYVy3zcdM1Qjaei,https://lh3.googleusercontent.com/d/14oEnCfaY85L3ijAdKUeacq3UUx_4EULQ
23,Lady Gaga,Pop,henrique/igor,https://lh3.googleusercontent.com/d/1lqLH7lLp9vLPV9HHGCJ9lIGFP8k1SCDq,https://lh3.googleusercontent.com/d/1VuxfWM2dPI5lwL8mAQ68yAmondK8rrDo
24,Nirvana,Rock,henrique,https://lh3.googleusercontent.com/d/1iLplq6ew9DYHjSvMUrySx6Vy3OXHOsja,https://lh3.googleusercontent.com/d/1R6ccvl1Z4onnAsFaTD3itrabfUCIOZ8p
25,Lorde,Pop,henrique/igor,https://lh3.googleusercontent.com/d/1FszZBE41V3I6FlZvBG9HkD_bHZ5sXmHL,https://lh3.googleusercontent.com/d/1nvLL7L6DXf_hm2_sNCpS63yMsfX_UyaE
26,Tame Impala,Rock,henrique,https://lh3.googleusercontent.com/d/1CPluU-uSw7Bi8LytKCZx0g4oVN8M2F8L,https://lh3.googleusercontent.com/d/1PKIiEUywKeYveancwelqchJfnCnhojv_
27,Slayyyter,Pop,henrique/igor,https://lh3.googleusercontent.com/d/1rvPJhm6NssmKAMfOZmbLsYS2t-hhpZG-,https://lh3.googleusercontent.com/d/1N3_si7FnOIERXKDwV3oxK2OeFvFsTjsx
28,Rosalía,Pop,henrique,https://lh3.googleusercontent.com/d/1AC-RfWrk-OtPr8bJkBGHlyyCv2FPvBCv,https://lh3.googleusercontent.com/d/16c7EXFn3XnieP0Zz-ymg8tjpkFOuJ0hE
29,Sepultura,Rock,henrique,https://lh3.googleusercontent.com/d/1uMDvZvCiIaw6X4o0CsDw75y-EcqwWDK3,https://lh3.googleusercontent.com/d/1qjp-N5Y8EKU6pUL4e0Qzf4hTkA7kdcEa
30,Addison Rae,Pop,henrique/igor,https://lh3.googleusercontent.com/d/1AfaMNtaR2UxMuDpjCIuLX1Ay0Lddf8iQ,https://lh3.googleusercontent.com/d/1vMMwqEDYk3CWYUALFjS7wfYwDroeV0mf
31,BLACKPINK,K-pop,henrique,https://lh3.googleusercontent.com/d/1Hn-OAC5NJMchptvVx6uTxQVz5mOtdPSx,https://lh3.googleusercontent.com/d/1RmdDHGVcDXvbb5aITLuum6TVSoORmIb0
32,Sia,Pop,henrique,https://lh3.googleusercontent.com/d/1b5Ez6mBD3RU8enJt9sCP19cLlCrN6CoW,https://lh3.googleusercontent.com/d/1MctskgufuLOL4x8FLOOsXRz-sbDQh6SU
33,Marina,Pop,henrique,https://lh3.googleusercontent.com/d/1YDkJLNVC54XW3ri_Z0YuAeYwCtA_3baM,https://lh3.googleusercontent.com/d/1l661kIjk8-b7fTSaZFknobkid9mv0Y2j
34,Ariana Grande,Pop,henrique,https://lh3.googleusercontent.com/d/14i5L1YdauzcZDcZg4lkA_-d8yFYR8eCO,https://lh3.googleusercontent.com/d/1y8VmYFERM6ZUlIChhmBOMxXcnF17JNFU
35,Sky Ferreira,Pop,henrique,https://lh3.googleusercontent.com/d/15-F90PuucY6Dfp-X0TJ5pUAJIP8mWDt6,https://lh3.googleusercontent.com/d/1Yz8ZxYkydt0yp0MCCfu8seb8t-b88l9Q
36,Kim Petras,Pop,henrique,https://lh3.googleusercontent.com/d/1iErthON_3naG3i-Vv9bo3QObvHH33H1q,https://lh3.googleusercontent.com/d/1oSpKzis6_NI6XKOfFmfw3Wkrh48fZtMV
37,Metallica,Rock,henrique,https://lh3.googleusercontent.com/d/19XIrwVuuYiOKNDNVxhjo_DT9Q1hATiOL,https://lh3.googleusercontent.com/d/1xukB-ZeqKuWi5rC29l9S0UwEtdEJjbm4
38,Lana Del Rey,Pop,henrique/duda,https://lh3.googleusercontent.com/d/1mrFJ5Doxrenllce6UkYY4awben3oAnwa,https://lh3.googleusercontent.com/d/1iqZPk7zxpDx6qDhXvaBOD7QEcz96tBaJ
39,Olivia Rodrigo,Pop,henrique/igor,https://lh3.googleusercontent.com/d/1FsipEdyk39fnZyqDSHW4Grvq6H2JkkOd,https://lh3.googleusercontent.com/d/16q5CXfPcEXrGeDVVSy2s0SPItFAV4Sdq
40,Paramore,Emo,igor,https://lh3.googleusercontent.com/d/1BCTPKuKyU2I6OjG5paOBONOR4Hnwh24U,https://lh3.googleusercontent.com/d/1-m8dEcjNQZgKDjEbbVDa7iIHYyAkSXAu
41,Katy Perry,Pop,igor,https://lh3.googleusercontent.com/d/1lir7b944JaVN4fU-hSTdCtTNNKujBbob,https://lh3.googleusercontent.com/d/1nGdZvhUJNL_1IwJmvz5m4FGhhGJ9P04s
42,Tove Lo,Pop,igor,https://lh3.googleusercontent.com/d/1ce7ylfWfXHHrWAGEB9veoLNy1daMK38t,https://lh3.googleusercontent.com/d/1dRKWCgpF12dQaF0GE_zjJ4VkSPDi9SMj
43,Madonna,Pop,igor,https://lh3.googleusercontent.com/d/1_6PI1Pds9aiL0F3rQNUD6V1UfRQdsFd8,https://lh3.googleusercontent.com/d/1j5MoocOdJQL80_-BxQo2x1zEFNUjhfUS
44,Kylie Minogue,Pop,igor,https://lh3.googleusercontent.com/d/1f7FSJon4Z6vWAkWyGo7rNOdJBq1F7cOt,https://lh3.googleusercontent.com/d/1DhKLYKtUvSvl0C1MW4GISgkcAuzf-2dA
45,My Chemical Romance,Emo,igor,https://lh3.googleusercontent.com/d/1WquOnRL_KOUz4kb_zrDIelqBRrkDWxd4,https://lh3.googleusercontent.com/d/19SrDDgkeh24XQzMUBnG3y4pJKMgM07Ro
46,Anitta,Pop,igor,https://lh3.googleusercontent.com/d/1Qs3ilXThU_Gq1UpZHbII2V6bGWsUZBa2,https://lh3.googleusercontent.com/d/1IAjoFPxY4bG7pCZM0fNZv7Z2el5aRsvU
47,Luisa Sonza,Pop,igor,https://lh3.googleusercontent.com/d/11S4h7VK0-VLF149D8V-tQFNrpoIUlMnh,https://lh3.googleusercontent.com/d/1HXOHlpCH4NCeMTNCIivqBKLM0Wrjf188
48,Beyonce,Pop,igor,https://lh3.googleusercontent.com/d/138DZ9VtjJDjnwybMReI-nZ1pf30xsxrX,https://lh3.googleusercontent.com/d/109hugvY4v_g_6QCMSkMcEFVUC6Ceb96A
49,Christina Aguilera,Pop,igor,https://lh3.googleusercontent.com/d/1S6eaXiSx_kBbmFs6FGZIJYmB5YpTBLat,https://lh3.googleusercontent.com/d/1tZOcLNkqzUgP7b3olQzfMbD2N5648hx4
50,Jão,Pop,igor,https://lh3.googleusercontent.com/d/1MV8mXD0uSiedNpS_4evYi2-NIY8oKnRT,https://lh3.googleusercontent.com/d/16CSRuDWINWSOls4PtrZA6fTHawmE6vqM
51,Demi Lovato,Pop,igor,https://lh3.googleusercontent.com/d/1vuCiPzIOeOYkfBJzq3fIn45Ubv5Mv2Yp,https://lh3.googleusercontent.com/d/1AGlU1lIETAgE2nMgCQ0OIIc0GYPSq4hI
52,Avril Lavigne,Emo,igor,https://lh3.googleusercontent.com/d/1PmHkiOGkkFGZNuo-uoh-63t8ixzXea3y,https://lh3.googleusercontent.com/d/1Awidtrr0dvntMkYWh9jVucpRTZkmg27D
53,The Weeknd,Pop,igor,https://lh3.googleusercontent.com/d/1sa6ylojOYJC1zJs2BOoywER7xfFnxF5O,https://lh3.googleusercontent.com/d/1Ki15BmCk9eHA0tkPp2ORC1iWziUCREQ5
54,Alok,Eletronic,igor,https://lh3.googleusercontent.com/d/1hc6quiSNchTJ9pO8QZxtwfTApU1TRK4J,https://lh3.googleusercontent.com/d/1_oQDzrh-YroGciMS-rWZUEx4pwQJYb22
55,Bad Bunny,Pop,igor,https://lh3.googleusercontent.com/d/1YqTBnjqWzSDl_-o_hHyk035mpiSviBOv,https://lh3.googleusercontent.com/d/1eh5h5iXzpJTuuoxNiyJlCwUqzPs63Uy4
56,Britney Spears,Pop,igor,https://lh3.googleusercontent.com/d/1HF5d4AfV9__gLRQhhGOmmen23MkBXlTq,https://lh3.googleusercontent.com/d/1x-t-cstFpuP-xONp8uyQpbRJm1BG7IVd
57,Amy Winehouse,R&B,duda/igor/henrique,https://lh3.googleusercontent.com/d/1Si-uK-7pZp1tBb1e6Gy8Ky3bOceVm23W,https://lh3.googleusercontent.com/d/1DoZus-OyHc6GRf1WQxnbjRRiQMFTLwNS
58,Rihanna,Pop,igor,https://lh3.googleusercontent.com/d/1fwGHYc76k4B5LIl_3cGaSWhUA49EuLbr,https://lh3.googleusercontent.com/d/1GCaMBZWz7Xa37ubGHAHASwi-omj8PjQp
59,Caetano Veloso,MPB,duda,https://lh3.googleusercontent.com/d/1VWWPCTBD9UfOOACzMbG6rFAQW40ifC4Q,https://lh3.googleusercontent.com/d/1kRHmtXz9Wg1WaU1YXsLxgRGTPw_dOM15
60,Chappell Roan,Pop,igor,https://lh3.googleusercontent.com/d/12w3MXMh0Tj8LCm0YnMaw0CpAENDTxv5A,https://lh3.googleusercontent.com/d/16CGqOrMZNwzr1gum-WtjG01dDaPZZ4lr
61,Sabrina Carpenter,Pop,igor,https://lh3.googleusercontent.com/d/17TEUKxzKc-TRrF9gu3rubLLppxHtQ30I,https://lh3.googleusercontent.com/d/1dwNeKO3ACHPNNUYc-UI8_V7ehj0lO8Os
62,Huntrix,K-pop,Igor,https://lh3.googleusercontent.com/d/1b0N5Fqy7aZcPa21xOide-UjYio4aJedw,https://lh3.googleusercontent.com/d/1bYvhx7_5nyT1vv7IYQUONSlpUHFOcfnn
63,Milton Nascimento,MPB,Duda,https://lh3.googleusercontent.com/d/1b0N5Fqy7aZcPa21xOide-UjYio4aJedw,https://lh3.googleusercontent.com/d/1Mw4iIsPCoJ5eOkJdfwN0ouxsJRaIzZ9f
64,21 Pilots,Rock,Duda,https://lh3.googleusercontent.com/d/1_lIy48IH7hYJ66-YlDp3m11_gvfmUt3y,https://lh3.googleusercontent.com/d/1qeFJHFu3zDEcongm3XKqJqvc_m6cdMSB
65,New Jeans,K-pop,Igor,https://lh3.googleusercontent.com/d/1aoKUEKGxowcqcAUFmAPbGQt3djPiJcEc,https://lh3.googleusercontent.com/d/1D-gmDQ-76g6NVp3dJNHEEYzkVYwrV_dB
66,Daft Punk,Eletronic,Igor,https://lh3.googleusercontent.com/d/1UmrxKtvogzNCFzna-VqKDgJfGZC12NBN,https://lh3.googleusercontent.com/d/12Skn5A4Gk-Eh_5Flkd-iomIkoWABpIPu
67,Duda Beat,Pop,Duda/Igor,https://lh3.googleusercontent.com/d/1Og_dfXhL4zSSnHX5h66AE3hqbLgdQe4j,https://lh3.googleusercontent.com/d/1eH43j521N5ByElTrMyb3tS4Aa0KN4E-A
68,Kiss,Rock,Henrique,https://lh3.googleusercontent.com/d/1dS1wNDarsqhMX_I2ExbaFZO9k4g4MIbi,https://lh3.googleusercontent.com/d/1n0YQCLQeUMSF5YkWVbKKhlCcQ5TOm_g_
69,Limp Bizkit,Rock,Henrique,https://lh3.googleusercontent.com/d/1MX4foj7Wyn-xjqVjqzfESZve2954s8-J,https://lh3.googleusercontent.com/d/1fw4RnAmD-Nf3o5lnmLtSeGSR1qtdswJN
70,Pink Floyd,Rock,Henrique,https://lh3.googleusercontent.com/d/1NTyKpkLp3AJkSOzR2IbRE34BpdUdOGpF,https://lh3.googleusercontent.com/d/1iTUmPD6VrhCVNfiAEsB9fVVOhPSIqn99
71,Titãs,Rock,Duda,https://lh3.googleusercontent.com/d/13bDWQQHucbCBu5WP5jmey2fzENePUgxK,https://lh3.googleusercontent.com/d/1ALVvLxRR61ryWKVACNTCSeyqo-qv3Ac3
72,Skrillex,Eletronic,Igor,https://lh3.googleusercontent.com/d/15DoLXyBF0wCZPSvoAsnXOZsgezV0Hkv8,https://lh3.googleusercontent.com/d/10KfbAcLeBKxZoUTrmoUiRUfk47-INnNd
73,Cazuza,Rock,Duda,https://lh3.googleusercontent.com/d/1ocZuNfRFSRd59fmtaTXhq-THchasWtqG,https://lh3.googleusercontent.com/d/1rl22V0kXv6ZGJOdaIUmMe8uRxDbysUNi
74,Maria Bethania,MPB,Duda,https://lh3.googleusercontent.com/d/1sbWSddIBw1OidIYOxI4nriV44e6CGsq-,https://lh3.googleusercontent.com/d/1jzVd641eedQ792T2SeLqVuCsC-800OBh
75,Florence Welch,Indie,Igor,https://lh3.googleusercontent.com/d/18UV1ZGZDFdaDhET-Ej9KBBe75QKLpN3V,https://lh3.googleusercontent.com/d/1rjw2Te6_NQpROj9Y917uN3xJaQfTIb9z
76,Bon Iver,Indie,Igor,https://lh3.googleusercontent.com/d/1X758izALqGm7JkdOEESbgU7Nr3_XnGVn,https://lh3.googleusercontent.com/d/1OspElgbYRYbQe815LNaNSIwTq8D-RziF
77,Birdy,Indie,Igor,https://lh3.googleusercontent.com/d/1wVFV_CwW-TvsGwWTflLE3r5-ng_krNz7,https://lh3.googleusercontent.com/d/1gjfGWIrkBggq6lI90UWXLZAxTigCoHas
78,Mamonas Assasinas,Rock,Henrique,https://lh3.googleusercontent.com/d/1tq2DTysrXJM3Vjj4jS5xb8gFxXn4fXYk,https://lh3.googleusercontent.com/d/13r1cDYGmTJTKuzxz1HPWH1oSPt5kplFB
79,Aurora,Indie,Henrique,https://lh3.googleusercontent.com/d/1rzRDGpQVjITJGCRCxlnZqs5u88HqcaP6,https://lh3.googleusercontent.com/d/1JDgsaTXTJJIftwEQ-K5CK_p-fh9-6ebS
80,Billie Elish,Indie,Igor/Henrique,https://lh3.googleusercontent.com/d/19ZRr-cBUw3UnE8Ix781OJ3xs5Hms_yMC,https://lh3.googleusercontent.com/d/164mO-osxGsM_sw3seD5tpzWh_C-pPP03
81,Charlie Brown Jr.,Rock,Duda,https://lh3.googleusercontent.com/d/1pRzcLLvCDLlQbXWADKDo6l3gT_FgKTKw,https://lh3.googleusercontent.com/d/1l56FNhaN5uI66cBA-RtvO2SD0or8EYDp
82,Emicida,Rap,Duda,https://lh3.googleusercontent.com/d/1py08N0FuZe6WMetdemwp4FpJGJt1t_tZ,https://lh3.googleusercontent.com/d/15DfWfaYOBWFQTOUFayxeLiOtS7cLYSfc
83,Cássia Eller,MPB,Duda,https://lh3.googleusercontent.com/d/1MU8HHryeXa3hM4HleJ8-RWSUkXyfHFnq,https://lh3.googleusercontent.com/d/1SthpLgEmwe_DYNpvyxyBoai5AV5GfIC3
84,Kid Abelha,MPB,Duda,https://lh3.googleusercontent.com/d/1mFfatbUNX2ymyZIiJvZGqviUZ-6SAz-r,https://lh3.googleusercontent.com/d/1iVWKEdM9uT_p08VJIQPAY6srM2JqWQ5h
85,Troye Shivan,Pop,Igor,https://lh3.googleusercontent.com/d/1ZNoLBU0m804LcoWEYVt_C1KhN3t2SujZ,https://lh3.googleusercontent.com/d/1xAHYAS53aiRyd4IO9luQaVHmNYPwqS6A
86,Elton John,Pop,Igor,https://lh3.googleusercontent.com/d/1xDZZBX8hdOCaLrW1TvH16nTMaAZIvTK9,https://lh3.googleusercontent.com/d/1vG4BHJ3YyRLiL82CgIIL4_RTBA6WNra7
87,Harry Styles,Pop,Henrique,https://lh3.googleusercontent.com/d/1eGG7PFkJ6Yx2Gm9p3pWkj0kQ0P6axSg6,https://lh3.googleusercontent.com/d/1BCqn6OYBUH_4UKy7bkm4BI6ensazSSXH
88,Robyn,Pop,Igor/Henrique,https://lh3.googleusercontent.com/d/1ryg4CWTcqhcuq9zo7yCTNu7LvdltjqO9,https://lh3.googleusercontent.com/d/1Cc1aVJIlbXx5OjAivHKOeKlhXoI1Dmpp
89,Taylor Swift,Pop,Henrique,https://lh3.googleusercontent.com/d/14BEEKH1_UX1_st8T25-kOIz8qZx57tdI,https://lh3.googleusercontent.com/d/1kgPrGWyiDDI_oYMvsPqsWx6BnjK_CP90
90,David Bowie,Rock,Henrique/Igor,https://lh3.googleusercontent.com/d/1uWtbkQmekrCqkXfHxiSxaHzKOBt-dkg6,https://lh3.googleusercontent.com/d/1zMvNYp88VNO-JC93nUbifDL-Ov7h9Uv6
91,Ney Matogrosso,MPB,Duda,https://lh3.googleusercontent.com/d/1RYi9fqnV131fuyh46nHrSHdWZM5eo89k,https://lh3.googleusercontent.com/d/1i49ObOcEsLz01uMRt0bDZ3vik2pZ1dse
92,Marina Sena,MPB,Duda,https://lh3.googleusercontent.com/d/1Yvl0k7oplmZN7_vmaMQ5NQhVpa9N1vwU,https://lh3.googleusercontent.com/d/1DIOOfS2Mc9JM9shyxyuznu6aTJx7rfb0
93,Michael Jackson,Pop,Todos,https://lh3.googleusercontent.com/d/1hjQaIoly75KVqUVjdSYkjC4i1PpM8A53,https://lh3.googleusercontent.com/d/1wiskxZ4c1WiH5PRiNjCR8BpLFh4Q6uL0
94,Pitty,Rock,Igor,https://lh3.googleusercontent.com/d/1jJHWwsleH8Lth6DG4t2Qtn-yePuweCEx,https://lh3.googleusercontent.com/d/1jWudAa02wGoIEY6QQ7PJ39bRcvje17N-
95,Tulipa Ruiz,MPB,Duda,https://lh3.googleusercontent.com/d/1N2vPSiISYaEN3p4hYj7ltbg__-9BBoto,https://lh3.googleusercontent.com/d/1Py11K_wvAGCl57VtQjU3n0b0QRFlXE6y
96,Marilyn Manson,Rock,Henrique,https://lh3.googleusercontent.com/d/1l0gEQq6RvJgGFmq98iRYP12WgjdB6ngn,https://lh3.googleusercontent.com/d/1QnjVxbqfHUcTDndJ5_USFLI503-GHjnA
97,Evanescence ,Rock,Igor,https://lh3.googleusercontent.com/d/1aSIbRCC3yCYaTTxu_zGlWD9_YW1cfYvv,https://lh3.googleusercontent.com/d/1UnANE99nE0k46mg6mZRfclyRBwiK4Sz5
98,Jessie J,Pop,Igor,https://lh3.googleusercontent.com/d/10lHLtrRG0rNKCMGtzfAzlAFZiu-Lm6nR,https://lh3.googleusercontent.com/d/1u7JEX86BnDJ0kGz-6ZHqOLBQegYqKIXf
99,Adele,Pop,Igor,https://lh3.googleusercontent.com/d/1s9DV00u5_spAizc12oQCKsBgxgvb4wHn,https://lh3.googleusercontent.com/d/1BxDrAWrtrDH26Hj1BtvUAe2HrQdJEmJZ
100,Dua Lipa,Pop,Igor,https://lh3.googleusercontent.com/d/1DtJtp7n6FSK9vmPJVfQrESX_4Xk3xz81,https://lh3.googleusercontent.com/d/1EgzE-uLRp5s2A44PNoannSM8Or6JT3pT